<metadata xml:lang="fr"><Esri><CreaDate>20210108</CreaDate><CreaTime>15595800</CreaTime><ArcGISFormat>1.0</ArcGISFormat><SyncOnce>FALSE</SyncOnce><DataProperties><lineage><Process ToolSource="C:\Program Files (x86)\ArcGIS\Desktop10.0\ArcToolbox\Toolboxes\Data Management Tools.tbx\CalculateField" Date="20120925" Time="133446">CalculateField Weinberge2012 SURFACE [SHAPE_Area] VB #</Process><Process ToolSource="C:\Program Files (x86)\ArcGIS\Desktop10.0\ArcToolbox\Toolboxes\Data Management Tools.tbx\CalculateField" Date="20120925" Time="141057">CalculateField Weinberge2012 SURFACE [SHAPE_Area]/100 VB #</Process><Process ToolSource="C:\Program Files (x86)\ArcGIS\Desktop10.0\ArcToolbox\Toolboxes\Data Management Tools.tbx\CalculateField" Date="20120925" Time="141221">CalculateField Weinberge2012 SURFACE "Abs ( [SHAPE_Area]/100 )" VB #</Process><Process ToolSource="C:\Program Files (x86)\ArcGIS\Desktop10.0\ArcToolbox\Toolboxes\Data Management Tools.tbx\CalculateField" Date="20120925" Time="141237">CalculateField Weinberge2012 SURFACE [SHAPE_Area]/100 VB #</Process><Process ToolSource="C:\Program Files (x86)\ArcGIS\Desktop10.0\ArcToolbox\Toolboxes\Data Management Tools.tbx\CalculateField" Date="20120925" Time="141359">CalculateField Weinberge2012 SURFACE [SHAPE_Area]/100 VB #</Process><Process ToolSource="C:\Program Files (x86)\ArcGIS\Desktop10.0\ArcToolbox\Toolboxes\Conversion Tools.tbx\FeatureClassToFeatureClass" Date="20130920" Time="135455">FeatureClassToFeatureClass "C:\Digitale Katasterdaten\Projets\IVV_Geodaten\Weinbaukartei.gdb\Weinbergparzellen\Weinberge2012" "C:\Digitale Katasterdaten\Projets\IVV_Geodaten\Weinbaukartei.gdb\Weinbergparzellen" Weinberge_2013 # "Betriebsnummer "N_EXPLOIT" true true false 50 Text 0 0 ,First,#,C:\Digitale Katasterdaten\Projets\IVV_Geodaten\Weinbaukartei.gdb\Weinbergparzellen\Weinberge2012,Betriebsnummer,-1,-1;Parcelle_viticole_reference "Parcelle_viticole_reference" true true false 50 Text 0 0 ,First,#,C:\Digitale Katasterdaten\Projets\IVV_Geodaten\Weinbaukartei.gdb\Weinbergparzellen\Weinberge2012,Parcelle_viticole_reference,-1,-1;CODE_ELEM "CODE_ELEM" true true false 1 Text 0 0 ,First,#,C:\Digitale Katasterdaten\Projets\IVV_Geodaten\Weinbaukartei.gdb\Weinbergparzellen\Weinberge2012,CODE_ELEM,-1,-1;CODE_COM "CODE_COM" true true false 8 Text 0 0 ,First,#,C:\Digitale Katasterdaten\Projets\IVV_Geodaten\Weinbaukartei.gdb\Weinbergparzellen\Weinberge2012,CODE_COM,-1,-1;CODE_SECT "CODE_SECT" true true false 4 Text 0 0 ,First,#,C:\Digitale Katasterdaten\Projets\IVV_Geodaten\Weinbaukartei.gdb\Weinbergparzellen\Weinberge2012,CODE_SECT,-1,-1;SURFACE "SURFACE EN ARES" true true false 8 Double 0 0 ,First,#,C:\Digitale Katasterdaten\Projets\IVV_Geodaten\Weinbaukartei.gdb\Weinbergparzellen\Weinberge2012,SURFACE,-1,-1;NOUV_FLIK "NOUV_FLIK" true true false 7 Text 0 0 ,First,#,C:\Digitale Katasterdaten\Projets\IVV_Geodaten\Weinbaukartei.gdb\Weinbergparzellen\Weinberge2012,NOUV_FLIK,-1,-1;SHAPE_Length "SHAPE_Length" false true true 8 Double 0 0 ,First,#,C:\Digitale Katasterdaten\Projets\IVV_Geodaten\Weinbaukartei.gdb\Weinbergparzellen\Weinberge2012,SHAPE_Length,-1,-1;SHAPE_Area "SHAPE_Area" false true true 8 Double 0 0 ,First,#,C:\Digitale Katasterdaten\Projets\IVV_Geodaten\Weinbaukartei.gdb\Weinbergparzellen\Weinberge2012,SHAPE_Area,-1,-1" #</Process><Process ToolSource="C:\Program Files (x86)\ArcGIS\Desktop10.0\ArcToolbox\Toolboxes\Data Management Tools.tbx\CalculateField" Date="20131018" Time="135135">CalculateField Weinberge_2013 SURFACE [Shape_Area] VB #</Process><Process ToolSource="C:\Program Files (x86)\ArcGIS\Desktop10.0\ArcToolbox\Toolboxes\Data Management Tools.tbx\CalculateField" Date="20131018" Time="135627">CalculateField Weinberge_2013 SURFACE [Shape_Area] VB #</Process><Process ToolSource="C:\Program Files (x86)\ArcGIS\Desktop10.0\ArcToolbox\Toolboxes\Data Management Tools.tbx\CalculateField" Date="20131105" Time="093333">CalculateField Bearbeitung_Weinberge_2013 SURFACE [Shape_Area] VB #</Process><Process ToolSource="c:\program files (x86)\arcgis\desktop10.0\ArcToolbox\Toolboxes\Conversion Tools.tbx\FeatureClassToFeatureClass" Date="20131218" Time="104521">FeatureClassToFeatureClass "C:\Digitale Katasterdaten\Projets\IVV_Geodaten\Weinbaukartei.gdb\Weinbergparzellen\Weinberge_2013" "F:\HOME\IVV PUBLIC\Digitale Katasterdaten\Projets\IVV_Geodaten\Weinbaukartei.gdb" _20131218_Definitive_Weinbergsparzellen_2014 # "Betriebsnummer "N_EXPLOIT" true true false 50 Text 0 0 ,First,#,C:\Digitale Katasterdaten\Projets\IVV_Geodaten\Weinbaukartei.gdb\Weinbergparzellen\Weinberge_2013,Betriebsnummer,-1,-1;Parcelle_viticole_reference "Parcelle_viticole_reference" true true false 50 Text 0 0 ,First,#,C:\Digitale Katasterdaten\Projets\IVV_Geodaten\Weinbaukartei.gdb\Weinbergparzellen\Weinberge_2013,Parcelle_viticole_reference,-1,-1;CODE_ELEM "CODE_ELEM" true true false 1 Text 0 0 ,First,#,C:\Digitale Katasterdaten\Projets\IVV_Geodaten\Weinbaukartei.gdb\Weinbergparzellen\Weinberge_2013,CODE_ELEM,-1,-1;CODE_COM "CODE_COM" true true false 8 Text 0 0 ,First,#,C:\Digitale Katasterdaten\Projets\IVV_Geodaten\Weinbaukartei.gdb\Weinbergparzellen\Weinberge_2013,CODE_COM,-1,-1;CODE_SECT "CODE_SECT" true true false 4 Text 0 0 ,First,#,C:\Digitale Katasterdaten\Projets\IVV_Geodaten\Weinbaukartei.gdb\Weinbergparzellen\Weinberge_2013,CODE_SECT,-1,-1;SURFACE "SURFACE EN ARES" true true false 8 Double 0 0 ,First,#,C:\Digitale Katasterdaten\Projets\IVV_Geodaten\Weinbaukartei.gdb\Weinbergparzellen\Weinberge_2013,SURFACE,-1,-1;NOUV_FLIK "NOUV_FLIK" true true false 7 Text 0 0 ,First,#,C:\Digitale Katasterdaten\Projets\IVV_Geodaten\Weinbaukartei.gdb\Weinbergparzellen\Weinberge_2013,NOUV_FLIK,-1,-1;Shape_Length "Shape_Length" false true true 8 Double 0 0 ,First,#,C:\Digitale Katasterdaten\Projets\IVV_Geodaten\Weinbaukartei.gdb\Weinbergparzellen\Weinberge_2013,Shape_Length,-1,-1;Shape_Area "Shape_Area" false true true 8 Double 0 0 ,First,#,C:\Digitale Katasterdaten\Projets\IVV_Geodaten\Weinbaukartei.gdb\Weinbergparzellen\Weinberge_2013,Shape_Area,-1,-1" #</Process><Process ToolSource="c:\program files (x86)\arcgis\desktop10.0\ArcToolbox\Toolboxes\Conversion Tools.tbx\FeatureClassToFeatureClass" Date="20131220" Time="084916">FeatureClassToFeatureClass "F:\HOME\IVV PUBLIC\Digitale Katasterdaten\Projets\IVV_Geodaten\Weinbaukartei.gdb\Weinbergparzellen\_20131218_Definitive_Weinbergsparzellen_2013" "C:\Digitale Katasterdaten\Projets\IVV_Geodaten\Weinbaukartei.gdb\Weinbergparzellen" _20131218_Definitive_Weinbergsparzellen_2014 # "Betriebsnummer "N_EXPLOIT" true true false 50 Text 0 0 ,First,#,F:\HOME\IVV PUBLIC\Digitale Katasterdaten\Projets\IVV_Geodaten\Weinbaukartei.gdb\Weinbergparzellen\_20131218_Definitive_Weinbergsparzellen_2013,Betriebsnummer,-1,-1;Parcelle_viticole_reference "Parcelle_viticole_reference" true true false 50 Text 0 0 ,First,#,F:\HOME\IVV PUBLIC\Digitale Katasterdaten\Projets\IVV_Geodaten\Weinbaukartei.gdb\Weinbergparzellen\_20131218_Definitive_Weinbergsparzellen_2013,Parcelle_viticole_reference,-1,-1;CODE_ELEM "CODE_ELEM" true true false 1 Text 0 0 ,First,#,F:\HOME\IVV PUBLIC\Digitale Katasterdaten\Projets\IVV_Geodaten\Weinbaukartei.gdb\Weinbergparzellen\_20131218_Definitive_Weinbergsparzellen_2013,CODE_ELEM,-1,-1;CODE_COM "CODE_COM" true true false 8 Text 0 0 ,First,#,F:\HOME\IVV PUBLIC\Digitale Katasterdaten\Projets\IVV_Geodaten\Weinbaukartei.gdb\Weinbergparzellen\_20131218_Definitive_Weinbergsparzellen_2013,CODE_COM,-1,-1;CODE_SECT "CODE_SECT" true true false 4 Text 0 0 ,First,#,F:\HOME\IVV PUBLIC\Digitale Katasterdaten\Projets\IVV_Geodaten\Weinbaukartei.gdb\Weinbergparzellen\_20131218_Definitive_Weinbergsparzellen_2013,CODE_SECT,-1,-1;SURFACE "SURFACE EN ARES" true true false 8 Double 0 0 ,First,#,F:\HOME\IVV PUBLIC\Digitale Katasterdaten\Projets\IVV_Geodaten\Weinbaukartei.gdb\Weinbergparzellen\_20131218_Definitive_Weinbergsparzellen_2013,SURFACE,-1,-1;NOUV_FLIK "NOUV_FLIK" true true false 7 Text 0 0 ,First,#,F:\HOME\IVV PUBLIC\Digitale Katasterdaten\Projets\IVV_Geodaten\Weinbaukartei.gdb\Weinbergparzellen\_20131218_Definitive_Weinbergsparzellen_2013,NOUV_FLIK,-1,-1;Shape_Length "Shape_Length" false true true 8 Double 0 0 ,First,#,F:\HOME\IVV PUBLIC\Digitale Katasterdaten\Projets\IVV_Geodaten\Weinbaukartei.gdb\Weinbergparzellen\_20131218_Definitive_Weinbergsparzellen_2013,Shape_Length,-1,-1;Shape_Area "Shape_Area" false true true 8 Double 0 0 ,First,#,F:\HOME\IVV PUBLIC\Digitale Katasterdaten\Projets\IVV_Geodaten\Weinbaukartei.gdb\Weinbergparzellen\_20131218_Definitive_Weinbergsparzellen_2013,Shape_Area,-1,-1" #</Process><Process ToolSource="C:\Program Files (x86)\ArcGIS\Desktop10.0\ArcToolbox\Toolboxes\Data Management Tools.tbx\CalculateField" Date="20140203" Time="170428">CalculateField "Weinberge 2013" SURFACE [Shape_Area] VB #</Process><Process ToolSource="C:\Program Files (x86)\ArcGIS\Desktop10.0\ArcToolbox\Toolboxes\Data Management Tools.tbx\CalculateField" Date="20140203" Time="170547">CalculateField "Weinberge 2013" SURFACE [Shape_Area] VB #</Process><Process ToolSource="c:\program files (x86)\arcgis\desktop10.0\ArcToolbox\Toolboxes\Conversion Tools.tbx\FeatureClassToFeatureClass" Date="20140210" Time="101232">FeatureClassToFeatureClass "C:\Digitale Katasterdaten\Projets\IVV_Geodaten\Weinbaukartei.gdb\Weinbergparzellen\_20131218_Definitive_Weinbergsparzellen_2014" "F:\HOME\IVV PUBLIC\Digitale Katasterdaten\Projets\IVV_Geodaten\Weinbaukartei.gdb\Weinbergparzellen" _20140210_Weinberge2013 # "Betriebsnummer "N_EXPLOIT" true true false 50 Text 0 0 ,First,#,C:\Digitale Katasterdaten\Projets\IVV_Geodaten\Weinbaukartei.gdb\Weinbergparzellen\_20131218_Definitive_Weinbergsparzellen_2014,Betriebsnummer,-1,-1;Parcelle_viticole_reference "Parcelle_viticole_reference" true true false 50 Text 0 0 ,First,#,C:\Digitale Katasterdaten\Projets\IVV_Geodaten\Weinbaukartei.gdb\Weinbergparzellen\_20131218_Definitive_Weinbergsparzellen_2014,Parcelle_viticole_reference,-1,-1;CODE_ELEM "CODE_ELEM" true true false 1 Text 0 0 ,First,#,C:\Digitale Katasterdaten\Projets\IVV_Geodaten\Weinbaukartei.gdb\Weinbergparzellen\_20131218_Definitive_Weinbergsparzellen_2014,CODE_ELEM,-1,-1;CODE_COM "CODE_COM" true true false 8 Text 0 0 ,First,#,C:\Digitale Katasterdaten\Projets\IVV_Geodaten\Weinbaukartei.gdb\Weinbergparzellen\_20131218_Definitive_Weinbergsparzellen_2014,CODE_COM,-1,-1;CODE_SECT "CODE_SECT" true true false 4 Text 0 0 ,First,#,C:\Digitale Katasterdaten\Projets\IVV_Geodaten\Weinbaukartei.gdb\Weinbergparzellen\_20131218_Definitive_Weinbergsparzellen_2014,CODE_SECT,-1,-1;SURFACE "SURFACE EN ARES" true true false 8 Double 0 0 ,First,#,C:\Digitale Katasterdaten\Projets\IVV_Geodaten\Weinbaukartei.gdb\Weinbergparzellen\_20131218_Definitive_Weinbergsparzellen_2014,SURFACE,-1,-1;NOUV_FLIK "NOUV_FLIK" true true false 7 Text 0 0 ,First,#,C:\Digitale Katasterdaten\Projets\IVV_Geodaten\Weinbaukartei.gdb\Weinbergparzellen\_20131218_Definitive_Weinbergsparzellen_2014,NOUV_FLIK,-1,-1;Shape_Length "Shape_Length" false true true 8 Double 0 0 ,First,#,C:\Digitale Katasterdaten\Projets\IVV_Geodaten\Weinbaukartei.gdb\Weinbergparzellen\_20131218_Definitive_Weinbergsparzellen_2014,Shape_Length,-1,-1;Shape_Area "Shape_Area" false true true 8 Double 0 0 ,First,#,C:\Digitale Katasterdaten\Projets\IVV_Geodaten\Weinbaukartei.gdb\Weinbergparzellen\_20131218_Definitive_Weinbergsparzellen_2014,Shape_Area,-1,-1" #</Process><Process ToolSource="c:\program files (x86)\arcgis\desktop10.0\ArcToolbox\Toolboxes\Conversion Tools.tbx\FeatureClassToFeatureClass" Date="20140210" Time="102312">FeatureClassToFeatureClass "F:\HOME\IVV PUBLIC\Digitale Katasterdaten\Projets\IVV_Geodaten\Weinbaukartei.gdb\Weinbergparzellen_ALT\_20140210_Weinberge2013" "F:\HOME\IVV PUBLIC\Digitale Katasterdaten\Projets\IVV_Geodaten\Weinbaukartei.gdb\Weinbergparzellen" Weinberge2013 # "Betriebsnummer "N_EXPLOIT" true true false 50 Text 0 0 ,First,#,F:\HOME\IVV PUBLIC\Digitale Katasterdaten\Projets\IVV_Geodaten\Weinbaukartei.gdb\Weinbergparzellen_ALT\_20140210_Weinberge2013,Betriebsnummer,-1,-1;Parcelle_viticole_reference "Parcelle_viticole_reference" true true false 50 Text 0 0 ,First,#,F:\HOME\IVV PUBLIC\Digitale Katasterdaten\Projets\IVV_Geodaten\Weinbaukartei.gdb\Weinbergparzellen_ALT\_20140210_Weinberge2013,Parcelle_viticole_reference,-1,-1;CODE_ELEM "CODE_ELEM" true true false 1 Text 0 0 ,First,#,F:\HOME\IVV PUBLIC\Digitale Katasterdaten\Projets\IVV_Geodaten\Weinbaukartei.gdb\Weinbergparzellen_ALT\_20140210_Weinberge2013,CODE_ELEM,-1,-1;CODE_COM "CODE_COM" true true false 8 Text 0 0 ,First,#,F:\HOME\IVV PUBLIC\Digitale Katasterdaten\Projets\IVV_Geodaten\Weinbaukartei.gdb\Weinbergparzellen_ALT\_20140210_Weinberge2013,CODE_COM,-1,-1;CODE_SECT "CODE_SECT" true true false 4 Text 0 0 ,First,#,F:\HOME\IVV PUBLIC\Digitale Katasterdaten\Projets\IVV_Geodaten\Weinbaukartei.gdb\Weinbergparzellen_ALT\_20140210_Weinberge2013,CODE_SECT,-1,-1;SURFACE "SURFACE EN ARES" true true false 8 Double 0 0 ,First,#,F:\HOME\IVV PUBLIC\Digitale Katasterdaten\Projets\IVV_Geodaten\Weinbaukartei.gdb\Weinbergparzellen_ALT\_20140210_Weinberge2013,SURFACE,-1,-1;NOUV_FLIK "NOUV_FLIK" true true false 7 Text 0 0 ,First,#,F:\HOME\IVV PUBLIC\Digitale Katasterdaten\Projets\IVV_Geodaten\Weinbaukartei.gdb\Weinbergparzellen_ALT\_20140210_Weinberge2013,NOUV_FLIK,-1,-1;Shape_Length "Shape_Length" false true true 8 Double 0 0 ,First,#,F:\HOME\IVV PUBLIC\Digitale Katasterdaten\Projets\IVV_Geodaten\Weinbaukartei.gdb\Weinbergparzellen_ALT\_20140210_Weinberge2013,Shape_Length,-1,-1;Shape_Area "Shape_Area" false true true 8 Double 0 0 ,First,#,F:\HOME\IVV PUBLIC\Digitale Katasterdaten\Projets\IVV_Geodaten\Weinbaukartei.gdb\Weinbergparzellen_ALT\_20140210_Weinberge2013,Shape_Area,-1,-1" #</Process><Process ToolSource="c:\program files (x86)\arcgis\desktop10.5\ArcToolbox\Toolboxes\Conversion Tools.tbx\FeatureClassToFeatureClass" Date="20180816" Time="164944">FeatureClassToFeatureClass "C:\Digitale Katasterdaten\Projets\IVV_Geodaten\Weinbaukartei.gdb\Weinberge2018" "C:\Digitale Katasterdaten\Projets\IVV_Geodaten\Weinbaukartei.gdb\Weinbergparzellen" Bearbeitung_Weinberge2018 # "Betriebsnummer "Betriebsnummer" true true false 50 Text 0 0 ,First,#,C:\Digitale Katasterdaten\Projets\IVV_Geodaten\Weinbaukartei.gdb\Weinberge2018,Betriebsnummer,-1,-1;Weinbergsnummer "Weinbergsnummer" true true false 50 Text 0 0 ,First,#,C:\Digitale Katasterdaten\Projets\IVV_Geodaten\Weinbaukartei.gdb\Weinberge2018,Weinbergsnummer,-1,-1;CODE_ELEM "CODE_ELEM" true true false 1 Text 0 0 ,First,#,C:\Digitale Katasterdaten\Projets\IVV_Geodaten\Weinbaukartei.gdb\Weinberge2018,CODE_ELEM,-1,-1;CODE_COM "CODE_COM" true true false 8 Text 0 0 ,First,#,C:\Digitale Katasterdaten\Projets\IVV_Geodaten\Weinbaukartei.gdb\Weinberge2018,CODE_COM,-1,-1;CODE_SECT "CODE_SECT" true true false 4 Text 0 0 ,First,#,C:\Digitale Katasterdaten\Projets\IVV_Geodaten\Weinbaukartei.gdb\Weinberge2018,CODE_SECT,-1,-1;FLIK_Nummer "FLIK_Nummer" true true false 50 Text 0 0 ,First,#,C:\Digitale Katasterdaten\Projets\IVV_Geodaten\Weinbaukartei.gdb\Weinberge2018,FLIK_Nummer,-1,-1;Shape_Length "Shape_Length" false true true 8 Double 0 0 ,First,#,C:\Digitale Katasterdaten\Projets\IVV_Geodaten\Weinbaukartei.gdb\Weinberge2018,Shape_Length,-1,-1;Shape_Area "Shape_Area" false true true 8 Double 0 0 ,First,#,C:\Digitale Katasterdaten\Projets\IVV_Geodaten\Weinbaukartei.gdb\Weinberge2018,Shape_Area,-1,-1" #</Process><Process ToolSource="c:\program files (x86)\arcgis\desktop10.5\ArcToolbox\Toolboxes\Conversion Tools.tbx\FeatureClassToFeatureClass" Date="20190115" Time="151011">FeatureClassToFeatureClass "C:\Digitale Katasterdaten\Projets\IVV_Geodaten\Weinbaukartei.gdb\Weinbergparzellen\Weinberge2018" "F:\Cadastre viticole\Projets\IVV_Geodaten\Weinbaukartei.gdb\Weinbergparzellen" Weinberge2018 # "Betriebsnummer "Betriebsnummer" true true false 50 Text 0 0 ,First,#,C:\Digitale Katasterdaten\Projets\IVV_Geodaten\Weinbaukartei.gdb\Weinbergparzellen\Weinberge2018,Betriebsnummer,-1,-1;Weinbergsnummer "Weinbergsnummer" true true false 50 Text 0 0 ,First,#,C:\Digitale Katasterdaten\Projets\IVV_Geodaten\Weinbaukartei.gdb\Weinbergparzellen\Weinberge2018,Weinbergsnummer,-1,-1;CODE_ELEM "CODE_ELEM" true true false 1 Text 0 0 ,First,#,C:\Digitale Katasterdaten\Projets\IVV_Geodaten\Weinbaukartei.gdb\Weinbergparzellen\Weinberge2018,CODE_ELEM,-1,-1;CODE_COM "CODE_COM" true true false 8 Text 0 0 ,First,#,C:\Digitale Katasterdaten\Projets\IVV_Geodaten\Weinbaukartei.gdb\Weinbergparzellen\Weinberge2018,CODE_COM,-1,-1;CODE_SECT "CODE_SECT" true true false 4 Text 0 0 ,First,#,C:\Digitale Katasterdaten\Projets\IVV_Geodaten\Weinbaukartei.gdb\Weinbergparzellen\Weinberge2018,CODE_SECT,-1,-1;FLIK_Nummer "FLIK_Nummer" true true false 50 Text 0 0 ,First,#,C:\Digitale Katasterdaten\Projets\IVV_Geodaten\Weinbaukartei.gdb\Weinbergparzellen\Weinberge2018,FLIK_Nummer,-1,-1;Shape_Length "Shape_Length" false true true 8 Double 0 0 ,First,#,C:\Digitale Katasterdaten\Projets\IVV_Geodaten\Weinbaukartei.gdb\Weinbergparzellen\Weinberge2018,Shape_Length,-1,-1;Shape_Area "Shape_Area" false true true 8 Double 0 0 ,First,#,C:\Digitale Katasterdaten\Projets\IVV_Geodaten\Weinbaukartei.gdb\Weinbergparzellen\Weinberge2018,Shape_Area,-1,-1" #</Process><Process ToolSource="c:\program files (x86)\arcgis\desktop10.5\ArcToolbox\Toolboxes\Conversion Tools.tbx\FeatureClassToFeatureClass" Date="20190115" Time="151059">FeatureClassToFeatureClass "F:\Cadastre viticole\Projets\IVV_Geodaten\Weinbaukartei.gdb\Weinbergparzellen\Weinberge2018" "C:\Digitale Katasterdaten\Projets\IVV_Geodaten\Weinbaukartei.gdb" Weinberge2018 # "Betriebsnummer "Betriebsnummer" true true false 50 Text 0 0 ,First,#,F:\Cadastre viticole\Projets\IVV_Geodaten\Weinbaukartei.gdb\Weinbergparzellen\Weinberge2018,Betriebsnummer,-1,-1;Weinbergsnummer "Weinbergsnummer" true true false 50 Text 0 0 ,First,#,F:\Cadastre viticole\Projets\IVV_Geodaten\Weinbaukartei.gdb\Weinbergparzellen\Weinberge2018,Weinbergsnummer,-1,-1;CODE_ELEM "CODE_ELEM" true true false 1 Text 0 0 ,First,#,F:\Cadastre viticole\Projets\IVV_Geodaten\Weinbaukartei.gdb\Weinbergparzellen\Weinberge2018,CODE_ELEM,-1,-1;CODE_COM "CODE_COM" true true false 8 Text 0 0 ,First,#,F:\Cadastre viticole\Projets\IVV_Geodaten\Weinbaukartei.gdb\Weinbergparzellen\Weinberge2018,CODE_COM,-1,-1;CODE_SECT "CODE_SECT" true true false 4 Text 0 0 ,First,#,F:\Cadastre viticole\Projets\IVV_Geodaten\Weinbaukartei.gdb\Weinbergparzellen\Weinberge2018,CODE_SECT,-1,-1;FLIK_Nummer "FLIK_Nummer" true true false 50 Text 0 0 ,First,#,F:\Cadastre viticole\Projets\IVV_Geodaten\Weinbaukartei.gdb\Weinbergparzellen\Weinberge2018,FLIK_Nummer,-1,-1;Shape_Length "Shape_Length" false true true 8 Double 0 0 ,First,#,F:\Cadastre viticole\Projets\IVV_Geodaten\Weinbaukartei.gdb\Weinbergparzellen\Weinberge2018,Shape_Length,-1,-1;Shape_Area "Shape_Area" false true true 8 Double 0 0 ,First,#,F:\Cadastre viticole\Projets\IVV_Geodaten\Weinbaukartei.gdb\Weinbergparzellen\Weinberge2018,Shape_Area,-1,-1" #</Process><Process ToolSource="c:\program files (x86)\arcgis\desktop10.5\ArcToolbox\Toolboxes\Conversion Tools.tbx\FeatureClassToFeatureClass" Date="20190916" Time="152150">FeatureClassToFeatureClass "C:\Digitale Katasterdaten\Projets\IVV_Geodaten\Weinbaukartei.gdb\Weinbergparzellen\Weinberge2018" "C:\Digitale Katasterdaten\Projets\IVV_Geodaten\Weinbaukartei.gdb\Weinbergparzellen" Weinberge2019 # "Betriebsnummer "Betriebsnummer" true true false 50 Text 0 0 ,First,#,C:\Digitale Katasterdaten\Projets\IVV_Geodaten\Weinbaukartei.gdb\Weinbergparzellen\Weinberge2018,Betriebsnummer,-1,-1;Weinbergsnummer "Weinbergsnummer" true true false 50 Text 0 0 ,First,#,C:\Digitale Katasterdaten\Projets\IVV_Geodaten\Weinbaukartei.gdb\Weinbergparzellen\Weinberge2018,Weinbergsnummer,-1,-1;CODE_ELEM "CODE_ELEM" true true false 1 Text 0 0 ,First,#,C:\Digitale Katasterdaten\Projets\IVV_Geodaten\Weinbaukartei.gdb\Weinbergparzellen\Weinberge2018,CODE_ELEM,-1,-1;CODE_COM "CODE_COM" true true false 8 Text 0 0 ,First,#,C:\Digitale Katasterdaten\Projets\IVV_Geodaten\Weinbaukartei.gdb\Weinbergparzellen\Weinberge2018,CODE_COM,-1,-1;CODE_SECT "CODE_SECT" true true false 4 Text 0 0 ,First,#,C:\Digitale Katasterdaten\Projets\IVV_Geodaten\Weinbaukartei.gdb\Weinbergparzellen\Weinberge2018,CODE_SECT,-1,-1;FLIK_Nummer "FLIK_Nummer" true true false 50 Text 0 0 ,First,#,C:\Digitale Katasterdaten\Projets\IVV_Geodaten\Weinbaukartei.gdb\Weinbergparzellen\Weinberge2018,FLIK_Nummer,-1,-1;Shape_Length "Shape_Length" false true true 8 Double 0 0 ,First,#,C:\Digitale Katasterdaten\Projets\IVV_Geodaten\Weinbaukartei.gdb\Weinbergparzellen\Weinberge2018,Shape_Length,-1,-1;Shape_Area "Shape_Area" false true true 8 Double 0 0 ,First,#,C:\Digitale Katasterdaten\Projets\IVV_Geodaten\Weinbaukartei.gdb\Weinbergparzellen\Weinberge2018,Shape_Area,-1,-1" #</Process><Process ToolSource="c:\program files (x86)\arcgis\desktop10.5\ArcToolbox\Toolboxes\Conversion Tools.tbx\FeatureClassToFeatureClass" Date="20191203" Time="135417">FeatureClassToFeatureClass "C:\Digitale Katasterdaten\Projets\IVV_Geodaten\Weinbaukartei.gdb\Weinbergparzellen\Weinberge2019" "F:\Cadastre viticole\Projets\IVV_Geodaten\Weinbaukartei.gdb" Weinberge2019 # "Betriebsnummer "Betriebsnummer" true true false 50 Text 0 0 ,First,#,C:\Digitale Katasterdaten\Projets\IVV_Geodaten\Weinbaukartei.gdb\Weinbergparzellen\Weinberge2019,Betriebsnummer,-1,-1;Weinbergsnummer "Weinbergsnummer" true true false 50 Text 0 0 ,First,#,C:\Digitale Katasterdaten\Projets\IVV_Geodaten\Weinbaukartei.gdb\Weinbergparzellen\Weinberge2019,Weinbergsnummer,-1,-1;CODE_ELEM "CODE_ELEM" true true false 1 Text 0 0 ,First,#,C:\Digitale Katasterdaten\Projets\IVV_Geodaten\Weinbaukartei.gdb\Weinbergparzellen\Weinberge2019,CODE_ELEM,-1,-1;CODE_COM "CODE_COM" true true false 8 Text 0 0 ,First,#,C:\Digitale Katasterdaten\Projets\IVV_Geodaten\Weinbaukartei.gdb\Weinbergparzellen\Weinberge2019,CODE_COM,-1,-1;CODE_SECT "CODE_SECT" true true false 4 Text 0 0 ,First,#,C:\Digitale Katasterdaten\Projets\IVV_Geodaten\Weinbaukartei.gdb\Weinbergparzellen\Weinberge2019,CODE_SECT,-1,-1;FLIK_Nummer "FLIK_Nummer" true true false 50 Text 0 0 ,First,#,C:\Digitale Katasterdaten\Projets\IVV_Geodaten\Weinbaukartei.gdb\Weinbergparzellen\Weinberge2019,FLIK_Nummer,-1,-1;Shape_Length "Shape_Length" false true true 8 Double 0 0 ,First,#,C:\Digitale Katasterdaten\Projets\IVV_Geodaten\Weinbaukartei.gdb\Weinbergparzellen\Weinberge2019,Shape_Length,-1,-1;Shape_Area "Shape_Area" false true true 8 Double 0 0 ,First,#,C:\Digitale Katasterdaten\Projets\IVV_Geodaten\Weinbaukartei.gdb\Weinbergparzellen\Weinberge2019,Shape_Area,-1,-1" #</Process><Process ToolSource="c:\program files (x86)\arcgis\desktop10.5\ArcToolbox\Toolboxes\Conversion Tools.tbx\FeatureClassToFeatureClass" Date="20191204" Time="160233">FeatureClassToFeatureClass "F:\Cadastre viticole\Projets\IVV_Geodaten\Weinbaukartei.gdb\Weinbergparzellen\Weinberge2019" "C:\Digitale Katasterdaten\Projets\IVV_Geodaten\Weinbaukartei.gdb\Weinbergparzellen" Weinberge2019 # "Betriebsnummer "Betriebsnummer" true true false 50 Text 0 0 ,First,#,F:\Cadastre viticole\Projets\IVV_Geodaten\Weinbaukartei.gdb\Weinbergparzellen\Weinberge2019,Betriebsnummer,-1,-1;Weinbergsnummer "Weinbergsnummer" true true false 50 Text 0 0 ,First,#,F:\Cadastre viticole\Projets\IVV_Geodaten\Weinbaukartei.gdb\Weinbergparzellen\Weinberge2019,Weinbergsnummer,-1,-1;CODE_ELEM "CODE_ELEM" true true false 1 Text 0 0 ,First,#,F:\Cadastre viticole\Projets\IVV_Geodaten\Weinbaukartei.gdb\Weinbergparzellen\Weinberge2019,CODE_ELEM,-1,-1;CODE_COM "CODE_COM" true true false 8 Text 0 0 ,First,#,F:\Cadastre viticole\Projets\IVV_Geodaten\Weinbaukartei.gdb\Weinbergparzellen\Weinberge2019,CODE_COM,-1,-1;CODE_SECT "CODE_SECT" true true false 4 Text 0 0 ,First,#,F:\Cadastre viticole\Projets\IVV_Geodaten\Weinbaukartei.gdb\Weinbergparzellen\Weinberge2019,CODE_SECT,-1,-1;FLIK_Nummer "FLIK_Nummer" true true false 50 Text 0 0 ,First,#,F:\Cadastre viticole\Projets\IVV_Geodaten\Weinbaukartei.gdb\Weinbergparzellen\Weinberge2019,FLIK_Nummer,-1,-1;Shape_Length "Shape_Length" false true true 8 Double 0 0 ,First,#,F:\Cadastre viticole\Projets\IVV_Geodaten\Weinbaukartei.gdb\Weinbergparzellen\Weinberge2019,Shape_Length,-1,-1;Shape_Area "Shape_Area" false true true 8 Double 0 0 ,First,#,F:\Cadastre viticole\Projets\IVV_Geodaten\Weinbaukartei.gdb\Weinbergparzellen\Weinberge2019,Shape_Area,-1,-1" #</Process><Process ToolSource="c:\program files (x86)\arcgis\desktop10.5\ArcToolbox\Toolboxes\Conversion Tools.tbx\FeatureClassToFeatureClass" Date="20200722" Time="110240">FeatureClassToFeatureClass "C:\Digitale Katasterdaten\Projets\IVV_Geodaten\Weinbaukartei.gdb\Weinbergparzellen\Weinberge2019" "C:\Digitale Katasterdaten\Projets\IVV_Geodaten\Weinbaukartei.gdb\Weinbergparzellen" Bearbeitung_Weinberge2020 # "Betriebsnummer "Betriebsnummer" true true false 50 Text 0 0 ,First,#,C:\Digitale Katasterdaten\Projets\IVV_Geodaten\Weinbaukartei.gdb\Weinbergparzellen\Weinberge2019,Betriebsnummer,-1,-1;Weinbergsnummer "Weinbergsnummer" true true false 50 Text 0 0 ,First,#,C:\Digitale Katasterdaten\Projets\IVV_Geodaten\Weinbaukartei.gdb\Weinbergparzellen\Weinberge2019,Weinbergsnummer,-1,-1;CODE_ELEM "CODE_ELEM" true true false 1 Text 0 0 ,First,#,C:\Digitale Katasterdaten\Projets\IVV_Geodaten\Weinbaukartei.gdb\Weinbergparzellen\Weinberge2019,CODE_ELEM,-1,-1;CODE_COM "CODE_COM" true true false 8 Text 0 0 ,First,#,C:\Digitale Katasterdaten\Projets\IVV_Geodaten\Weinbaukartei.gdb\Weinbergparzellen\Weinberge2019,CODE_COM,-1,-1;CODE_SECT "CODE_SECT" true true false 4 Text 0 0 ,First,#,C:\Digitale Katasterdaten\Projets\IVV_Geodaten\Weinbaukartei.gdb\Weinbergparzellen\Weinberge2019,CODE_SECT,-1,-1;FLIK_Nummer "FLIK_Nummer" true true false 50 Text 0 0 ,First,#,C:\Digitale Katasterdaten\Projets\IVV_Geodaten\Weinbaukartei.gdb\Weinbergparzellen\Weinberge2019,FLIK_Nummer,-1,-1;Shape_Length "Shape_Length" false true true 8 Double 0 0 ,First,#,C:\Digitale Katasterdaten\Projets\IVV_Geodaten\Weinbaukartei.gdb\Weinbergparzellen\Weinberge2019,Shape_Length,-1,-1;Shape_Area "Shape_Area" false true true 8 Double 0 0 ,First,#,C:\Digitale Katasterdaten\Projets\IVV_Geodaten\Weinbaukartei.gdb\Weinbergparzellen\Weinberge2019,Shape_Area,-1,-1" #</Process><Process ToolSource="c:\program files (x86)\arcgis\desktop10.5\ArcToolbox\Toolboxes\Conversion Tools.tbx\FeatureClassToFeatureClass" Date="20201022" Time="160525">FeatureClassToFeatureClass "C:\Digitale Katasterdaten\Projets\IVV_Geodaten\Weinbaukartei.gdb\Weinbergparzellen\Bearbeitung_Weinberge2020" "M:\Digitale Katasterdaten\Weinberge2020" _20201022_Bearbeitung_Weinberge2020_Lap.shp # "Betriebsnu "Betriebsnummer" true true false 50 Text 0 0 ,First,#,C:\Digitale Katasterdaten\Projets\IVV_Geodaten\Weinbaukartei.gdb\Weinbergparzellen\Bearbeitung_Weinberge2020,Betriebsnummer,-1,-1;Weinbergsn "Weinbergsnummer" true true false 50 Text 0 0 ,First,#,C:\Digitale Katasterdaten\Projets\IVV_Geodaten\Weinbaukartei.gdb\Weinbergparzellen\Bearbeitung_Weinberge2020,Weinbergsnummer,-1,-1;CODE_ELEM "CODE_ELEM" true true false 1 Text 0 0 ,First,#,C:\Digitale Katasterdaten\Projets\IVV_Geodaten\Weinbaukartei.gdb\Weinbergparzellen\Bearbeitung_Weinberge2020,CODE_ELEM,-1,-1;CODE_COM "CODE_COM" true true false 8 Text 0 0 ,First,#,C:\Digitale Katasterdaten\Projets\IVV_Geodaten\Weinbaukartei.gdb\Weinbergparzellen\Bearbeitung_Weinberge2020,CODE_COM,-1,-1;CODE_SECT "CODE_SECT" true true false 4 Text 0 0 ,First,#,C:\Digitale Katasterdaten\Projets\IVV_Geodaten\Weinbaukartei.gdb\Weinbergparzellen\Bearbeitung_Weinberge2020,CODE_SECT,-1,-1;FLIK_Numme "FLIK_Nummer" true true false 50 Text 0 0 ,First,#,C:\Digitale Katasterdaten\Projets\IVV_Geodaten\Weinbaukartei.gdb\Weinbergparzellen\Bearbeitung_Weinberge2020,FLIK_Nummer,-1,-1;Shape_Leng "Shape_Leng" false true true 8 Double 0 0 ,First,#,C:\Digitale Katasterdaten\Projets\IVV_Geodaten\Weinbaukartei.gdb\Weinbergparzellen\Bearbeitung_Weinberge2020,Shape_Length,-1,-1;Shape_Area "Shape_Area" false true true 8 Double 0 0 ,First,#,C:\Digitale Katasterdaten\Projets\IVV_Geodaten\Weinbaukartei.gdb\Weinbergparzellen\Bearbeitung_Weinberge2020,Shape_Area,-1,-1" #</Process><Process ToolSource="c:\program files (x86)\arcgis\desktop10.5\ArcToolbox\Toolboxes\Conversion Tools.tbx\FeatureClassToFeatureClass" Date="20201023" Time="112923">FeatureClassToFeatureClass "C:\Digitale Katasterdaten\Weinberge2020\_20201022_Bearbeitung_Weinberge2020_Lap.shp" "C:\Digitale Katasterdaten\Weinbaukartei.gdb\Weinbergparzelle" _20201023_Bearbeitung_Weinberge2020 # "Betriebsnu "Betriebsnu" true true false 50 Text 0 0 ,First,#,C:\Digitale Katasterdaten\Weinberge2020\_20201022_Bearbeitung_Weinberge2020_Lap.shp,Betriebsnu,-1,-1;Weinbergsn "Weinbergsn" true true false 50 Text 0 0 ,First,#,C:\Digitale Katasterdaten\Weinberge2020\_20201022_Bearbeitung_Weinberge2020_Lap.shp,Weinbergsn,-1,-1;CODE_ELEM "CODE_ELEM" true true false 1 Text 0 0 ,First,#,C:\Digitale Katasterdaten\Weinberge2020\_20201022_Bearbeitung_Weinberge2020_Lap.shp,CODE_ELEM,-1,-1;CODE_COM "CODE_COM" true true false 8 Text 0 0 ,First,#,C:\Digitale Katasterdaten\Weinberge2020\_20201022_Bearbeitung_Weinberge2020_Lap.shp,CODE_COM,-1,-1;CODE_SECT "CODE_SECT" true true false 4 Text 0 0 ,First,#,C:\Digitale Katasterdaten\Weinberge2020\_20201022_Bearbeitung_Weinberge2020_Lap.shp,CODE_SECT,-1,-1;FLIK_Numme "FLIK_Numme" true true false 50 Text 0 0 ,First,#,C:\Digitale Katasterdaten\Weinberge2020\_20201022_Bearbeitung_Weinberge2020_Lap.shp,FLIK_Numme,-1,-1;Shape_Leng "Shape_Leng" true true false 19 Double 0 0 ,First,#,C:\Digitale Katasterdaten\Weinberge2020\_20201022_Bearbeitung_Weinberge2020_Lap.shp,Shape_Leng,-1,-1;Shape_Area "Shape_Area" true true false 19 Double 0 0 ,First,#,C:\Digitale Katasterdaten\Weinberge2020\_20201022_Bearbeitung_Weinberge2020_Lap.shp,Shape_Area,-1,-1" #</Process><Process ToolSource="c:\program files (x86)\arcgis\desktop10.5\ArcToolbox\Toolboxes\Conversion Tools.tbx\FeatureClassToFeatureClass" Date="20201026" Time="085807">FeatureClassToFeatureClass "C:\Digitale Katasterdaten\Weinbaukartei.gdb\Weinbergparzelle\_20201023_Bearbeitung_Weinberge2020" "F:\Cadastre viticole\Projets\IVV_Geodaten\Weinbaukartei.gdb\Weinbergparzellen" _20201023_Bearbeitung_Weinberge2020 # "Betriebsnu "Betriebsnu" true true false 50 Text 0 0 ,First,#,C:\Digitale Katasterdaten\Weinbaukartei.gdb\Weinbergparzelle\_20201023_Bearbeitung_Weinberge2020,Betriebsnu,-1,-1;Weinbergsn "Weinbergsn" true true false 50 Text 0 0 ,First,#,C:\Digitale Katasterdaten\Weinbaukartei.gdb\Weinbergparzelle\_20201023_Bearbeitung_Weinberge2020,Weinbergsn,-1,-1;CODE_ELEM "CODE_ELEM" true true false 1 Text 0 0 ,First,#,C:\Digitale Katasterdaten\Weinbaukartei.gdb\Weinbergparzelle\_20201023_Bearbeitung_Weinberge2020,CODE_ELEM,-1,-1;CODE_COM "CODE_COM" true true false 8 Text 0 0 ,First,#,C:\Digitale Katasterdaten\Weinbaukartei.gdb\Weinbergparzelle\_20201023_Bearbeitung_Weinberge2020,CODE_COM,-1,-1;CODE_SECT "CODE_SECT" true true false 4 Text 0 0 ,First,#,C:\Digitale Katasterdaten\Weinbaukartei.gdb\Weinbergparzelle\_20201023_Bearbeitung_Weinberge2020,CODE_SECT,-1,-1;FLIK_Numme "FLIK_Numme" true true false 50 Text 0 0 ,First,#,C:\Digitale Katasterdaten\Weinbaukartei.gdb\Weinbergparzelle\_20201023_Bearbeitung_Weinberge2020,FLIK_Numme,-1,-1;Shape_Leng "Shape_Leng" true true false 8 Double 0 0 ,First,#,C:\Digitale Katasterdaten\Weinbaukartei.gdb\Weinbergparzelle\_20201023_Bearbeitung_Weinberge2020,Shape_Leng,-1,-1;Shape_Length "Shape_Length" false true true 8 Double 0 0 ,First,#,C:\Digitale Katasterdaten\Weinbaukartei.gdb\Weinbergparzelle\_20201023_Bearbeitung_Weinberge2020,Shape_Length,-1,-1;Shape_Area "Shape_Area" false true true 8 Double 0 0 ,First,#,C:\Digitale Katasterdaten\Weinbaukartei.gdb\Weinbergparzelle\_20201023_Bearbeitung_Weinberge2020,Shape_Area,-1,-1" #</Process><Process ToolSource="c:\program files (x86)\arcgis\desktop10.5\ArcToolbox\Toolboxes\Conversion Tools.tbx\FeatureClassToFeatureClass" Date="20201026" Time="094741">FeatureClassToFeatureClass "F:\Cadastre viticole\Projets\IVV_Geodaten\Weinbaukartei.gdb\Weinbergparzellen\_20201023_Bearbeitung_Weinberge2020" "C:\Digitale Katasterdaten\Projets\IVV_Geodaten\Weinbaukartei.gdb\Weinbergparzellen" Bearbeitung_Weinberge2020 # "Betriebsnu "Betriebsnu" true true false 50 Text 0 0 ,First,#,F:\Cadastre viticole\Projets\IVV_Geodaten\Weinbaukartei.gdb\Weinbergparzellen\_20201023_Bearbeitung_Weinberge2020,Betriebsnu,-1,-1;Weinbergsn "Weinbergsn" true true false 50 Text 0 0 ,First,#,F:\Cadastre viticole\Projets\IVV_Geodaten\Weinbaukartei.gdb\Weinbergparzellen\_20201023_Bearbeitung_Weinberge2020,Weinbergsn,-1,-1;CODE_ELEM "CODE_ELEM" true true false 1 Text 0 0 ,First,#,F:\Cadastre viticole\Projets\IVV_Geodaten\Weinbaukartei.gdb\Weinbergparzellen\_20201023_Bearbeitung_Weinberge2020,CODE_ELEM,-1,-1;CODE_COM "CODE_COM" true true false 8 Text 0 0 ,First,#,F:\Cadastre viticole\Projets\IVV_Geodaten\Weinbaukartei.gdb\Weinbergparzellen\_20201023_Bearbeitung_Weinberge2020,CODE_COM,-1,-1;CODE_SECT "CODE_SECT" true true false 4 Text 0 0 ,First,#,F:\Cadastre viticole\Projets\IVV_Geodaten\Weinbaukartei.gdb\Weinbergparzellen\_20201023_Bearbeitung_Weinberge2020,CODE_SECT,-1,-1;FLIK_Numme "FLIK_Numme" true true false 50 Text 0 0 ,First,#,F:\Cadastre viticole\Projets\IVV_Geodaten\Weinbaukartei.gdb\Weinbergparzellen\_20201023_Bearbeitung_Weinberge2020,FLIK_Numme,-1,-1;Shape_Leng "Shape_Leng" true true false 8 Double 0 0 ,First,#,F:\Cadastre viticole\Projets\IVV_Geodaten\Weinbaukartei.gdb\Weinbergparzellen\_20201023_Bearbeitung_Weinberge2020,Shape_Leng,-1,-1;Shape_Length "Shape_Length" false true true 8 Double 0 0 ,First,#,F:\Cadastre viticole\Projets\IVV_Geodaten\Weinbaukartei.gdb\Weinbergparzellen\_20201023_Bearbeitung_Weinberge2020,Shape_Length,-1,-1;Shape_Area "Shape_Area" false true true 8 Double 0 0 ,First,#,F:\Cadastre viticole\Projets\IVV_Geodaten\Weinbaukartei.gdb\Weinbergparzellen\_20201023_Bearbeitung_Weinberge2020,Shape_Area,-1,-1" #</Process><Process ToolSource="c:\program files (x86)\arcgis\desktop10.5\ArcToolbox\Toolboxes\Conversion Tools.tbx\FeatureClassToFeatureClass" Date="20201027" Time="143814">FeatureClassToFeatureClass "C:\Digitale Katasterdaten\Projets\IVV_Geodaten\Weinbaukartei.gdb\Weinbergparzellen\Bearbeitung_Weinberge2020" "C:\Digitale Katasterdaten\Projets\IVV_Geodaten\Weinbaukartei.gdb\Weinbergparzellen" Weinberge2020 # "Betriebsnu "Betriebsnu" true true false 50 Text 0 0 ,First,#,C:\Digitale Katasterdaten\Projets\IVV_Geodaten\Weinbaukartei.gdb\Weinbergparzellen\Bearbeitung_Weinberge2020,Betriebsnu,-1,-1;Weinbergsn "Weinbergsn" true true false 50 Text 0 0 ,First,#,C:\Digitale Katasterdaten\Projets\IVV_Geodaten\Weinbaukartei.gdb\Weinbergparzellen\Bearbeitung_Weinberge2020,Weinbergsn,-1,-1;CODE_ELEM "CODE_ELEM" true true false 1 Text 0 0 ,First,#,C:\Digitale Katasterdaten\Projets\IVV_Geodaten\Weinbaukartei.gdb\Weinbergparzellen\Bearbeitung_Weinberge2020,CODE_ELEM,-1,-1;CODE_COM "CODE_COM" true true false 8 Text 0 0 ,First,#,C:\Digitale Katasterdaten\Projets\IVV_Geodaten\Weinbaukartei.gdb\Weinbergparzellen\Bearbeitung_Weinberge2020,CODE_COM,-1,-1;CODE_SECT "CODE_SECT" true true false 4 Text 0 0 ,First,#,C:\Digitale Katasterdaten\Projets\IVV_Geodaten\Weinbaukartei.gdb\Weinbergparzellen\Bearbeitung_Weinberge2020,CODE_SECT,-1,-1;FLIK_Numme "FLIK_Numme" true true false 50 Text 0 0 ,First,#,C:\Digitale Katasterdaten\Projets\IVV_Geodaten\Weinbaukartei.gdb\Weinbergparzellen\Bearbeitung_Weinberge2020,FLIK_Numme,-1,-1;Shape_Leng "Shape_Leng" true true false 8 Double 0 0 ,First,#,C:\Digitale Katasterdaten\Projets\IVV_Geodaten\Weinbaukartei.gdb\Weinbergparzellen\Bearbeitung_Weinberge2020,Shape_Leng,-1,-1;Shape_Length "Shape_Length" false true true 8 Double 0 0 ,First,#,C:\Digitale Katasterdaten\Projets\IVV_Geodaten\Weinbaukartei.gdb\Weinbergparzellen\Bearbeitung_Weinberge2020,Shape_Length,-1,-1;Shape_Area "Shape_Area" false true true 8 Double 0 0 ,First,#,C:\Digitale Katasterdaten\Projets\IVV_Geodaten\Weinbaukartei.gdb\Weinbergparzellen\Bearbeitung_Weinberge2020,Shape_Area,-1,-1" #</Process><Process ToolSource="c:\program files (x86)\arcgis\desktop10.5\ArcToolbox\Toolboxes\Conversion Tools.tbx\FeatureClassToFeatureClass" Date="20201028" Time="101338">FeatureClassToFeatureClass "C:\Digitale Katasterdaten\Projets\IVV_Geodaten\Weinbaukartei.gdb\Weinbergparzellen\Weinberge2020" "F:\Cadastre viticole\Projets\IVV_Geodaten\Weinbaukartei.gdb\Weinbergparzellen" Weinberge2020_fehlteUNICO # "Betriebsnu "Betriebsnu" true true false 50 Text 0 0 ,First,#,C:\Digitale Katasterdaten\Projets\IVV_Geodaten\Weinbaukartei.gdb\Weinbergparzellen\Weinberge2020,Betriebsnu,-1,-1;Weinbergsn "Weinbergsn" true true false 50 Text 0 0 ,First,#,C:\Digitale Katasterdaten\Projets\IVV_Geodaten\Weinbaukartei.gdb\Weinbergparzellen\Weinberge2020,Weinbergsn,-1,-1;CODE_ELEM "CODE_ELEM" true true false 1 Text 0 0 ,First,#,C:\Digitale Katasterdaten\Projets\IVV_Geodaten\Weinbaukartei.gdb\Weinbergparzellen\Weinberge2020,CODE_ELEM,-1,-1;CODE_COM "CODE_COM" true true false 8 Text 0 0 ,First,#,C:\Digitale Katasterdaten\Projets\IVV_Geodaten\Weinbaukartei.gdb\Weinbergparzellen\Weinberge2020,CODE_COM,-1,-1;CODE_SECT "CODE_SECT" true true false 4 Text 0 0 ,First,#,C:\Digitale Katasterdaten\Projets\IVV_Geodaten\Weinbaukartei.gdb\Weinbergparzellen\Weinberge2020,CODE_SECT,-1,-1;FLIK_Numme "FLIK_Numme" true true false 50 Text 0 0 ,First,#,C:\Digitale Katasterdaten\Projets\IVV_Geodaten\Weinbaukartei.gdb\Weinbergparzellen\Weinberge2020,FLIK_Numme,-1,-1;Shape_Leng "Shape_Leng" true true false 8 Double 0 0 ,First,#,C:\Digitale Katasterdaten\Projets\IVV_Geodaten\Weinbaukartei.gdb\Weinbergparzellen\Weinberge2020,Shape_Leng,-1,-1;Shape_Length "Shape_Length" false true true 8 Double 0 0 ,First,#,C:\Digitale Katasterdaten\Projets\IVV_Geodaten\Weinbaukartei.gdb\Weinbergparzellen\Weinberge2020,Shape_Length,-1,-1;Shape_Area "Shape_Area" false true true 8 Double 0 0 ,First,#,C:\Digitale Katasterdaten\Projets\IVV_Geodaten\Weinbaukartei.gdb\Weinbergparzellen\Weinberge2020,Shape_Area,-1,-1" #</Process><Process ToolSource="c:\program files (x86)\arcgis\desktop10.5\ArcToolbox\Toolboxes\Conversion Tools.tbx\FeatureClassToFeatureClass" Date="20201030" Time="151059">FeatureClassToFeatureClass "F:\Cadastre viticole\Projets\IVV_Geodaten\Weinbaukartei.gdb\Weinbergparzellen\Weinberge2020" "C:\Digitale Katasterdaten\Weinbaukartei.gdb\Weinbergparzelle" _20201030_Weinberge2020 # "Betriebsnu "Betriebsnu" true true false 50 Text 0 0 ,First,#,F:\Cadastre viticole\Projets\IVV_Geodaten\Weinbaukartei.gdb\Weinbergparzellen\Weinberge2020,Betriebsnu,-1,-1;Weinbergsn "Weinbergsn" true true false 50 Text 0 0 ,First,#,F:\Cadastre viticole\Projets\IVV_Geodaten\Weinbaukartei.gdb\Weinbergparzellen\Weinberge2020,Weinbergsn,-1,-1;CODE_ELEM "CODE_ELEM" true true false 1 Text 0 0 ,First,#,F:\Cadastre viticole\Projets\IVV_Geodaten\Weinbaukartei.gdb\Weinbergparzellen\Weinberge2020,CODE_ELEM,-1,-1;CODE_COM "CODE_COM" true true false 8 Text 0 0 ,First,#,F:\Cadastre viticole\Projets\IVV_Geodaten\Weinbaukartei.gdb\Weinbergparzellen\Weinberge2020,CODE_COM,-1,-1;CODE_SECT "CODE_SECT" true true false 4 Text 0 0 ,First,#,F:\Cadastre viticole\Projets\IVV_Geodaten\Weinbaukartei.gdb\Weinbergparzellen\Weinberge2020,CODE_SECT,-1,-1;FLIK_Numme "FLIK_Numme" true true false 50 Text 0 0 ,First,#,F:\Cadastre viticole\Projets\IVV_Geodaten\Weinbaukartei.gdb\Weinbergparzellen\Weinberge2020,FLIK_Numme,-1,-1;Shape_Leng "Shape_Leng" true true false 8 Double 0 0 ,First,#,F:\Cadastre viticole\Projets\IVV_Geodaten\Weinbaukartei.gdb\Weinbergparzellen\Weinberge2020,Shape_Leng,-1,-1;Shape_Length "Shape_Length" false true true 8 Double 0 0 ,First,#,F:\Cadastre viticole\Projets\IVV_Geodaten\Weinbaukartei.gdb\Weinbergparzellen\Weinberge2020,Shape_Length,-1,-1;Shape_Area "Shape_Area" false true true 8 Double 0 0 ,First,#,F:\Cadastre viticole\Projets\IVV_Geodaten\Weinbaukartei.gdb\Weinbergparzellen\Weinberge2020,Shape_Area,-1,-1" #</Process><Process ToolSource="c:\program files (x86)\arcgis\desktop10.5\ArcToolbox\Toolboxes\Conversion Tools.tbx\FeatureClassToFeatureClass" Date="20201210" Time="143118">FeatureClassToFeatureClass "C:\Digitale Katasterdaten\Weinbaukartei.gdb\Weinbergparzelle\_20201030_Weinberge2020" "C:\Digitale Katasterdaten\Weinbaukartei.gdb\Weinbergparzelle" Weinberge2020 # "Betriebsnu "Betriebsnu" true true false 50 Text 0 0 ,First,#,C:\Digitale Katasterdaten\Weinbaukartei.gdb\Weinbergparzelle\_20201030_Weinberge2020,Betriebsnu,-1,-1;Weinbergsn "Weinbergsn" true true false 50 Text 0 0 ,First,#,C:\Digitale Katasterdaten\Weinbaukartei.gdb\Weinbergparzelle\_20201030_Weinberge2020,Weinbergsn,-1,-1;CODE_ELEM "CODE_ELEM" true true false 1 Text 0 0 ,First,#,C:\Digitale Katasterdaten\Weinbaukartei.gdb\Weinbergparzelle\_20201030_Weinberge2020,CODE_ELEM,-1,-1;CODE_COM "CODE_COM" true true false 8 Text 0 0 ,First,#,C:\Digitale Katasterdaten\Weinbaukartei.gdb\Weinbergparzelle\_20201030_Weinberge2020,CODE_COM,-1,-1;CODE_SECT "CODE_SECT" true true false 4 Text 0 0 ,First,#,C:\Digitale Katasterdaten\Weinbaukartei.gdb\Weinbergparzelle\_20201030_Weinberge2020,CODE_SECT,-1,-1;FLIK_Numme "FLIK_Numme" true true false 50 Text 0 0 ,First,#,C:\Digitale Katasterdaten\Weinbaukartei.gdb\Weinbergparzelle\_20201030_Weinberge2020,FLIK_Numme,-1,-1;Shape_Length "Shape_Length" false true true 8 Double 0 0 ,First,#,C:\Digitale Katasterdaten\Weinbaukartei.gdb\Weinbergparzelle\_20201030_Weinberge2020,Shape_Length,-1,-1;Shape_Area "Shape_Area" false true true 8 Double 0 0 ,First,#,C:\Digitale Katasterdaten\Weinbaukartei.gdb\Weinbergparzelle\_20201030_Weinberge2020,Shape_Area,-1,-1" #</Process><Process ToolSource="c:\program files (x86)\arcgis\desktop10.5\ArcToolbox\Toolboxes\Conversion Tools.tbx\FeatureClassToFeatureClass" Date="20201217" Time="125641">FeatureClassToFeatureClass "C:\Digitale Katasterdaten\Weinbaukartei.gdb\Weinbergparzelle\Weinberge2020" "F:\Cadastre viticole\Projets\IVV_Geodaten\Weinbaukartei.gdb\Weinbergparzellen" Weinberge2020 # "Betriebsnu "Betriebsnu" true true false 50 Text 0 0 ,First,#,C:\Digitale Katasterdaten\Weinbaukartei.gdb\Weinbergparzelle\Weinberge2020,Betriebsnu,-1,-1;Weinbergsn "Weinbergsn" true true false 50 Text 0 0 ,First,#,C:\Digitale Katasterdaten\Weinbaukartei.gdb\Weinbergparzelle\Weinberge2020,Weinbergsn,-1,-1;CODE_ELEM "CODE_ELEM" true true false 1 Text 0 0 ,First,#,C:\Digitale Katasterdaten\Weinbaukartei.gdb\Weinbergparzelle\Weinberge2020,CODE_ELEM,-1,-1;CODE_COM "CODE_COM" true true false 8 Text 0 0 ,First,#,C:\Digitale Katasterdaten\Weinbaukartei.gdb\Weinbergparzelle\Weinberge2020,CODE_COM,-1,-1;CODE_SECT "CODE_SECT" true true false 4 Text 0 0 ,First,#,C:\Digitale Katasterdaten\Weinbaukartei.gdb\Weinbergparzelle\Weinberge2020,CODE_SECT,-1,-1;FLIK_Numme "FLIK_Numme" true true false 50 Text 0 0 ,First,#,C:\Digitale Katasterdaten\Weinbaukartei.gdb\Weinbergparzelle\Weinberge2020,FLIK_Numme,-1,-1;Shape_Length "Shape_Length" false true true 8 Double 0 0 ,First,#,C:\Digitale Katasterdaten\Weinbaukartei.gdb\Weinbergparzelle\Weinberge2020,Shape_Length,-1,-1;Shape_Area "Shape_Area" false true true 8 Double 0 0 ,First,#,C:\Digitale Katasterdaten\Weinbaukartei.gdb\Weinbergparzelle\Weinberge2020,Shape_Area,-1,-1" #</Process><Process ToolSource="c:\program files (x86)\arcgis\desktop10.5\ArcToolbox\Toolboxes\Conversion Tools.tbx\FeatureClassToFeatureClass" Date="20210108" Time="160324">FeatureClassToFeatureClass C:\Data\DonnéesACT\IVV_Geodaten\Weinbaukartei.gdb\Weinbergparzellen\Weinberge2020_2 C:\Data\temp-gis\leader weinberge_lu_2020.shp # "Weinbergsn "Weinbergsn" true true false 50 Text 0 0 ,First,#,C:\Data\DonnéesACT\IVV_Geodaten\Weinbaukartei.gdb\Weinbergparzellen\Weinberge2020_2,Weinbergsn,-1,-1;CODE_ELEM "CODE_ELEM" true true false 1 Text 0 0 ,First,#,C:\Data\DonnéesACT\IVV_Geodaten\Weinbaukartei.gdb\Weinbergparzellen\Weinberge2020_2,CODE_ELEM,-1,-1;CODE_COM "CODE_COM" true true false 8 Text 0 0 ,First,#,C:\Data\DonnéesACT\IVV_Geodaten\Weinbaukartei.gdb\Weinbergparzellen\Weinberge2020_2,CODE_COM,-1,-1;CODE_SECT "CODE_SECT" true true false 4 Text 0 0 ,First,#,C:\Data\DonnéesACT\IVV_Geodaten\Weinbaukartei.gdb\Weinbergparzellen\Weinberge2020_2,CODE_SECT,-1,-1;FLIK_Numme "FLIK_Numme" true true false 50 Text 0 0 ,First,#,C:\Data\DonnéesACT\IVV_Geodaten\Weinbaukartei.gdb\Weinbergparzellen\Weinberge2020_2,FLIK_Numme,-1,-1;Shape_Leng "Shape_Leng" false true true 8 Double 0 0 ,First,#,C:\Data\DonnéesACT\IVV_Geodaten\Weinbaukartei.gdb\Weinbergparzellen\Weinberge2020_2,Shape_Length,-1,-1;Shape_Area "Shape_Area" false true true 8 Double 0 0 ,First,#,C:\Data\DonnéesACT\IVV_Geodaten\Weinbaukartei.gdb\Weinbergparzellen\Weinberge2020_2,Shape_Area,-1,-1" #</Process></lineage><itemProps><itemName Sync="TRUE">weinberge_lu_2020</itemName><imsContentType Sync="TRUE">002</imsContentType><itemLocation><linkage Sync="TRUE">file://\\MC48681\C$\Data\temp-gis\leader\weinberge_lu_2020.shp</linkage><protocol Sync="TRUE">Local Area Network</protocol></itemLocation><itemSize Sync="TRUE">0.000</itemSize></itemProps><coordRef><type Sync="TRUE">Projected</type><geogcsn Sync="TRUE">GCS_Luxembourg_1930</geogcsn><csUnits Sync="TRUE">Linear Unit: Meter (1.000000)</csUnits><projcsn Sync="TRUE">Luxembourg_1930_Gauss</projcsn><peXml Sync="TRUE">&lt;ProjectedCoordinateSystem xsi:type='typens:ProjectedCoordinateSystem' xmlns:xsi='http://www.w3.org/2001/XMLSchema-instance' xmlns:xs='http://www.w3.org/2001/XMLSchema' xmlns:typens='http://www.esri.com/schemas/ArcGIS/10.5'&gt;&lt;WKT&gt;PROJCS[&amp;quot;Luxembourg_1930_Gauss&amp;quot;,GEOGCS[&amp;quot;GCS_Luxembourg_1930&amp;quot;,DATUM[&amp;quot;D_Luxembourg_1930&amp;quot;,SPHEROID[&amp;quot;International_1924&amp;quot;,6378388.0,297.0]],PRIMEM[&amp;quot;Greenwich&amp;quot;,0.0],UNIT[&amp;quot;Degree&amp;quot;,0.0174532925199433]],PROJECTION[&amp;quot;Transverse_Mercator&amp;quot;],PARAMETER[&amp;quot;False_Easting&amp;quot;,80000.0],PARAMETER[&amp;quot;False_Northing&amp;quot;,100000.0],PARAMETER[&amp;quot;Central_Meridian&amp;quot;,6.166666666666667],PARAMETER[&amp;quot;Scale_Factor&amp;quot;,1.0],PARAMETER[&amp;quot;Latitude_Of_Origin&amp;quot;,49.83333333333334],UNIT[&amp;quot;Meter&amp;quot;,1.0],AUTHORITY[&amp;quot;EPSG&amp;quot;,2169]]&lt;/WKT&gt;&lt;XOrigin&gt;-5543400&lt;/XOrigin&gt;&lt;YOrigin&gt;-15424900&lt;/YOrigin&gt;&lt;XYScale&gt;450249651.57241428&lt;/XYScale&gt;&lt;ZOrigin&gt;-100000&lt;/ZOrigin&gt;&lt;ZScale&gt;10000&lt;/ZScale&gt;&lt;MOrigin&gt;-100000&lt;/MOrigin&gt;&lt;MScale&gt;10000&lt;/MScale&gt;&lt;XYTolerance&gt;0.001&lt;/XYTolerance&gt;&lt;ZTolerance&gt;0.001&lt;/ZTolerance&gt;&lt;MTolerance&gt;0.001&lt;/MTolerance&gt;&lt;HighPrecision&gt;true&lt;/HighPrecision&gt;&lt;WKID&gt;2169&lt;/WKID&gt;&lt;LatestWKID&gt;2169&lt;/LatestWKID&gt;&lt;/ProjectedCoordinateSystem&gt;</peXml></coordRef></DataProperties><SyncDate>20210108</SyncDate><SyncTime>16032200</SyncTime><ModDate>20210108</ModDate><ModTime>16032200</ModTime></Esri><dataIdInfo><envirDesc Sync="TRUE"> Version 6.2 (Build 9200) ; Esri ArcGIS 10.5.1.7333</envirDesc><dataLang><languageCode value="deu" Sync="TRUE"></languageCode><countryCode value="LUX" Sync="TRUE"></countryCode></dataLang><idCitation><resTitle Sync="TRUE">weinberge_lu_2020</resTitle><presForm><PresFormCd value="005" Sync="TRUE"></PresFormCd></presForm></idCitation><spatRpType><SpatRepTypCd value="001" Sync="TRUE"></SpatRepTypCd></spatRpType></dataIdInfo><mdLang><languageCode value="deu" Sync="TRUE"></languageCode><countryCode value="LUX" Sync="TRUE"></countryCode></mdLang><distInfo><distFormat><formatName Sync="TRUE">Shapefile</formatName></distFormat><distTranOps><transSize Sync="TRUE">0.000</transSize></distTranOps></distInfo><mdHrLv><ScopeCd value="005" Sync="TRUE"></ScopeCd></mdHrLv><mdHrLvName Sync="TRUE">dataset</mdHrLvName><refSysInfo><RefSystem><refSysID><identCode code="2169" Sync="TRUE" value="2169"></identCode><idCodeSpace Sync="TRUE">EPSG</idCodeSpace><idVersion Sync="TRUE">6.7(9.0.0)</idVersion></refSysID></RefSystem></refSysInfo><spatRepInfo><VectSpatRep><geometObjs Name="weinberge_lu_2020"><geoObjTyp><GeoObjTypCd value="002" Sync="TRUE"></GeoObjTypCd></geoObjTyp><geoObjCnt Sync="TRUE">0</geoObjCnt></geometObjs><topLvl><TopoLevCd value="001" Sync="TRUE"></TopoLevCd></topLvl></VectSpatRep></spatRepInfo><spdoinfo><ptvctinf><esriterm Name="weinberge_lu_2020"><efeatyp Sync="TRUE">Simple</efeatyp><efeageom code="4" Sync="TRUE"></efeageom><esritopo Sync="TRUE">FALSE</esritopo><efeacnt Sync="TRUE">0</efeacnt><spindex Sync="TRUE">FALSE</spindex><linrefer Sync="TRUE">FALSE</linrefer></esriterm></ptvctinf></spdoinfo><eainfo><detailed Name="weinberge_lu_2020"><enttyp><enttypl Sync="TRUE">weinberge_lu_2020</enttypl><enttypt Sync="TRUE">Feature Class</enttypt><enttypc Sync="TRUE">0</enttypc></enttyp><attr><attrlabl Sync="TRUE">FID</attrlabl><attalias Sync="TRUE">FID</attalias><attrtype Sync="TRUE">OID</attrtype><attwidth Sync="TRUE">4</attwidth><atprecis Sync="TRUE">0</atprecis><attscale Sync="TRUE">0</attscale><attrdef Sync="TRUE">Internal feature number.</attrdef><attrdefs Sync="TRUE">Esri</attrdefs><attrdomv><udom Sync="TRUE">Sequential unique whole numbers that are automatically generated.</udom></attrdomv></attr><attr><attrlabl Sync="TRUE">Shape</attrlabl><attalias Sync="TRUE">Shape</attalias><attrtype Sync="TRUE">Geometry</attrtype><attwidth Sync="TRUE">0</attwidth><atprecis Sync="TRUE">0</atprecis><attscale Sync="TRUE">0</attscale><attrdef Sync="TRUE">Feature geometry.</attrdef><attrdefs Sync="TRUE">ESRI</attrdefs><attrdomv><udom Sync="TRUE">Coordinates defining the features.</udom></attrdomv></attr><attr><attrlabl Sync="TRUE">Weinbergsn</attrlabl><attalias Sync="TRUE">Weinbergsn</attalias><attrtype Sync="TRUE">String</attrtype><attwidth Sync="TRUE">50</attwidth><atprecis Sync="TRUE">0</atprecis><attscale Sync="TRUE">0</attscale></attr><attr><attrlabl Sync="TRUE">CODE_ELEM</attrlabl><attalias Sync="TRUE">CODE_ELEM</attalias><attrtype Sync="TRUE">String</attrtype><attwidth Sync="TRUE">1</attwidth><atprecis Sync="TRUE">0</atprecis><attscale Sync="TRUE">0</attscale></attr><attr><attrlabl Sync="TRUE">CODE_COM</attrlabl><attalias Sync="TRUE">CODE_COM</attalias><attrtype Sync="TRUE">String</attrtype><attwidth Sync="TRUE">8</attwidth><atprecis Sync="TRUE">0</atprecis><attscale Sync="TRUE">0</attscale></attr><attr><attrlabl Sync="TRUE">CODE_SECT</attrlabl><attalias Sync="TRUE">CODE_SECT</attalias><attrtype Sync="TRUE">String</attrtype><attwidth Sync="TRUE">4</attwidth><atprecis Sync="TRUE">0</atprecis><attscale Sync="TRUE">0</attscale></attr><attr><attrlabl Sync="TRUE">FLIK_Numme</attrlabl><attalias Sync="TRUE">FLIK_Numme</attalias><attrtype Sync="TRUE">String</attrtype><attwidth Sync="TRUE">50</attwidth><atprecis Sync="TRUE">0</atprecis><attscale Sync="TRUE">0</attscale></attr><attr><attrlabl Sync="TRUE">Shape_Leng</attrlabl><attalias Sync="TRUE">Shape_Leng</attalias><attrtype Sync="TRUE">Double</attrtype><attwidth Sync="TRUE">19</attwidth><atprecis Sync="TRUE">0</atprecis><attscale Sync="TRUE">0</attscale></attr><attr><attrlabl Sync="TRUE">Shape_Area</attrlabl><attalias Sync="TRUE">Shape_Area</attalias><attrtype Sync="TRUE">Double</attrtype><attwidth Sync="TRUE">19</attwidth><atprecis Sync="TRUE">0</atprecis><attscale Sync="TRUE">0</attscale><attrdef Sync="TRUE">Area of feature in internal units squared.</attrdef><attrdefs Sync="TRUE">ESRI</attrdefs><attrdomv><udom Sync="TRUE">Positive real numbers that are automatically generated.</udom></attrdomv></attr></detailed></eainfo><mdDateSt Sync="TRUE">20210108</mdDateSt></metadata>
